event,alert_id,time_utc,side,price,range_high,range_low,atr,outcome
FIRED,124346-UP,2026-09-28T09:49:00Z,BUY,4165.1,4166.5,4160.0,7.967857142857091,
FIRED,124346-DN,2026-09-28T11:04:00Z,SELL,4161.8,4166.5,4160.0,7.967857142857091,
RESOLVED,124346-DN,2026-09-28T11:50:00Z,SELL,4159.8,4166.5,4160.0,7.967857142857091,BREAKOUT_FOLLOWED
FIRED,124346-DN,2026-09-28T11:51:00Z,SELL,4160.9,4166.5,4160.0,7.967857142857091,
RESOLVED,124346-UP,2026-09-28T12:00:00Z,BUY,4158.9,4166.5,4160.0,7.967857142857091,NOT_FOLLOWED
RESOLVED,124346-DN,2026-09-28T12:00:00Z,SELL,4158.9,4166.5,4160.0,7.967857142857091,NOT_FOLLOWED
FIRED,124347-DN,2026-09-28T12:41:00Z,SELL,4159.0,4178.6,4158.0,8.150000000000025,
RESOLVED,124347-DN,2026-09-28T12:44:00Z,SELL,4157.6,4178.6,4158.0,8.150000000000025,BREAKOUT_FOLLOWED
FIRED,124346-UP,2026-09-28T09:49:00Z,BUY,4165.1,4166.5,4160.0,7.967857142857091,
FIRED,124346-DN,2026-09-28T11:04:00Z,SELL,4161.8,4166.5,4160.0,7.967857142857091,
RESOLVED,124346-DN,2026-09-28T11:50:00Z,SELL,4159.8,4166.5,4160.0,7.967857142857091,BREAKOUT_FOLLOWED
FIRED,124346-DN,2026-09-28T11:51:00Z,SELL,4160.9,4166.5,4160.0,7.967857142857091,
RESOLVED,124346-UP,2026-09-28T12:00:00Z,BUY,4158.9,4166.5,4160.0,7.967857142857091,NOT_FOLLOWED
RESOLVED,124346-DN,2026-09-28T12:00:00Z,SELL,4158.9,4166.5,4160.0,7.967857142857091,NOT_FOLLOWED
FIRED,124347-DN,2026-09-28T12:41:00Z,SELL,4159.0,4178.6,4158.0,8.150000000000025,
RESOLVED,124347-DN,2026-09-28T12:44:00Z,SELL,4157.6,4178.6,4158.0,8.150000000000025,BREAKOUT_FOLLOWED
