entry_time_utc,side,entry,sl,tp,exit_time_utc,exit,result,R,had_alert,100_before,1000_before,10000_before,100_pnl,1000_pnl,10000_pnl,100_after,1000_after,10000_after,100_fee,1000_fee,10000_fee
2026-02-20T04:34:00Z,BUY,5004.2,4943.592500000001,,2026-02-23T00:01:00Z,5165.725357142857,TRAIL,2.665,False,100.0,1000.0,10000.0,2.42,24.15,241.51,102.42,1024.15,10241.51,0.25,2.5,25.0
2026-02-20T04:37:00Z,BUY,5005.03,4944.422500000001,,2026-02-23T00:01:00Z,5165.725357142857,TRAIL,2.651,False,102.42,1024.15,10241.51,2.46,24.59,245.94,104.87,1048.75,10487.45,0.256,2.5604,25.6038
2026-02-20T04:38:00Z,BUY,5004.9,4944.2925000000005,,2026-02-23T00:01:00Z,5165.725357142857,TRAIL,2.654,False,104.87,1048.75,10487.45,2.52,25.21,252.07,107.4,1073.95,10739.52,0.2622,2.6219,26.2186
2026-02-23T02:43:00Z,BUY,5191.9,5136.7575,,2026-02-23T08:29:00Z,5136.7575,SL,-1.0,False,107.4,1073.95,10739.52,-1.24,-12.35,-123.5,106.16,1061.6,10616.02,0.1611,1.6109,16.1093
2026-02-23T02:44:00Z,BUY,5191.6,5136.4575,,2026-02-23T08:29:00Z,5136.4575,SL,-1.0,False,106.16,1061.6,10616.02,-1.22,-12.21,-122.08,104.94,1049.39,10493.93,0.1592,1.5924,15.924
2026-02-23T02:42:00Z,BUY,5190.2,5135.0575,,2026-02-23T08:31:00Z,5135.0575,SL,-1.0,False,104.94,1049.39,10493.93,-1.21,-12.07,-120.68,103.73,1037.33,10373.25,0.1574,1.5741,15.7409
2026-02-23T08:55:00Z,BUY,5152.7,5087.7575,,2026-02-28T06:46:00Z,5340.867499999999,TRAIL,2.897,False,103.73,1037.33,10373.25,2.75,27.46,274.63,106.48,1064.79,10647.88,0.2593,2.5933,25.9331
2026-02-23T08:56:00Z,BUY,5153.7,5088.7575,,2026-02-28T06:46:00Z,5340.867499999999,TRAIL,2.882,False,106.48,1064.79,10647.88,2.8,28.03,280.26,109.28,1092.81,10928.14,0.2662,2.662,26.6197
2026-02-23T08:57:00Z,BUY,5154.0,5089.0575,,2026-02-28T06:46:00Z,5340.867499999999,TRAIL,2.877,False,109.28,1092.81,10928.14,2.87,28.71,287.13,112.15,1121.53,11215.27,0.2732,2.732,27.3203
2026-02-28T06:49:00Z,BUY,5337.4,5282.062499999999,,2026-02-28T09:42:00Z,5513.283928571428,TRAIL,3.178,False,112.15,1121.53,11215.27,3.4,33.96,339.64,115.55,1155.49,11554.91,0.1682,1.6823,16.8229
2026-02-28T06:50:00Z,BUY,5335.8,5280.4625,,2026-02-28T09:42:00Z,5513.283928571428,TRAIL,3.207,False,115.55,1155.49,11554.91,3.53,35.33,353.27,119.08,1190.82,11908.18,0.1733,1.7332,17.3324
2026-02-28T06:55:00Z,BUY,5343.6,5288.2625,,2026-02-28T09:42:00Z,5513.283928571428,TRAIL,3.066,False,119.08,1190.82,11908.18,3.47,34.73,347.28,122.55,1225.55,12255.46,0.1786,1.7862,17.8623
2026-02-28T09:45:00Z,BUY,5577.8,5516.365,,2026-02-28T09:48:00Z,5516.365,SL,-1.0,False,122.55,1225.55,12255.46,-1.34,-13.36,-133.58,121.22,1212.19,12121.88,0.1103,1.103,11.0299
2026-02-28T09:44:00Z,BUY,5552.13,5490.695,,2026-02-28T10:16:00Z,5490.695,SL,-1.0,False,121.22,1212.19,12121.88,-1.32,-13.21,-132.13,119.9,1198.97,11989.75,0.1091,1.091,10.9097
2026-02-28T09:43:00Z,BUY,5540.0,5478.565,,2026-02-28T10:17:00Z,5478.565,SL,-1.0,False,119.9,1198.97,11989.75,-1.31,-13.07,-130.69,118.59,1185.91,11859.06,0.1079,1.0791,10.7908
2026-02-28T09:57:00Z,BUY,5535.3,5473.865,,2026-02-28T10:17:00Z,5473.865,SL,-1.0,False,118.59,1185.91,11859.06,-1.29,-12.93,-129.26,117.3,1172.98,11729.8,0.1067,1.0673,10.6732
2026-02-28T10:19:00Z,BUY,5495.9,5423.289999999999,,2026-02-28T12:55:00Z,5423.289999999999,SL,-1.0,False,117.3,1172.98,11729.8,-1.35,-13.49,-134.89,115.95,1159.49,11594.9,0.1759,1.7595,17.5947
2026-02-28T10:28:00Z,BUY,5483.2,5410.59,,2026-02-28T13:45:00Z,5410.59,SL,-1.0,False,115.95,1159.49,11594.9,-1.33,-13.33,-133.34,114.62,1146.16,11461.56,0.1739,1.7392,17.3924
2026-02-28T10:25:00Z,BUY,5474.2,5401.59,,2026-02-28T13:49:00Z,5401.59,SL,-1.0,False,114.62,1146.16,11461.56,-1.32,-13.18,-131.81,113.3,1132.98,11329.75,0.1719,1.7192,17.1923
2026-02-28T16:32:00Z,BUY,5422.2,5254.200000000001,,2026-03-03T09:27:00Z,5254.200000000001,SL,-1.0,True,113.3,1132.98,11329.75,-1.42,-14.16,-141.62,111.88,1118.81,11188.13,0.2832,2.8324,28.3244
2026-02-28T16:33:00Z,BUY,5422.8,5254.800000000001,,2026-03-03T09:27:00Z,5254.800000000001,SL,-1.0,False,111.88,1118.81,11188.13,-1.4,-13.99,-139.85,110.48,1104.83,11048.28,0.2797,2.797,27.9703
2026-02-28T16:34:00Z,BUY,5423.4,5255.4,,2026-03-03T09:27:00Z,5255.4,SL,-1.0,False,110.48,1104.83,11048.28,-1.38,-13.81,-138.1,109.1,1091.02,10910.18,0.2762,2.7621,27.6207
2026-03-03T09:27:00Z,SELL,5247.2,5342.9,,2026-03-16T00:00:00Z,4998.414285714285,TRAIL,2.6,False,109.1,1091.02,10910.18,2.56,25.64,256.35,111.67,1116.65,11166.53,0.2728,2.7275,27.2754
2026-03-03T09:28:00Z,SELL,5253.8,5349.5,,2026-03-16T00:00:00Z,4998.414285714285,TRAIL,2.669,False,111.67,1116.65,11166.53,2.7,27.01,270.07,114.37,1143.66,11436.6,0.2792,2.7916,27.9163
2026-03-03T09:36:00Z,SELL,5280.3,5376.0,,2026-03-16T00:00:00Z,4998.414285714285,TRAIL,2.946,False,114.37,1143.66,11436.6,3.08,30.83,308.28,117.45,1174.49,11744.88,0.2859,2.8592,28.5915
2026-03-16T01:14:00Z,SELL,4980.7,5026.78,,2026-03-16T06:16:00Z,5026.78,SL,-1.0,True,117.45,1174.49,11744.88,-1.35,-13.51,-135.07,116.1,1160.98,11609.81,0.1762,1.7617,17.6173
2026-03-16T01:30:00Z,SELL,4980.0,5026.08,,2026-03-16T06:16:00Z,5026.08,SL,-1.0,True,116.1,1160.98,11609.81,-1.34,-13.35,-133.51,114.76,1147.63,11476.3,0.1741,1.7415,17.4147
2026-03-16T01:31:00Z,SELL,4984.3,5030.38,,2026-03-18T13:20:00Z,4846.948571428571,TRAIL,2.981,False,114.76,1147.63,11476.3,3.13,31.34,313.39,117.9,1178.97,11789.68,0.2869,2.8691,28.6907
2026-03-16T06:48:00Z,SELL,5004.4,5075.905,,2026-03-19T07:08:00Z,4765.745000000001,TRAIL,3.338,True,117.9,1178.97,11789.68,3.64,36.4,364.02,121.54,1215.37,12153.7,0.2947,2.9474,29.4742
2026-03-16T06:49:00Z,SELL,5005.2,5076.705,,2026-03-19T07:08:00Z,4765.745000000001,TRAIL,3.349,False,121.54,1215.37,12153.7,3.77,37.66,376.62,125.3,1253.03,12530.32,0.3038,3.0384,30.3843
2026-03-18T13:25:00Z,SELL,4858.5,4920.0,,2026-03-19T10:33:00Z,4690.9571428571435,TRAIL,2.724,False,125.3,1253.03,12530.32,3.1,31.0,310.03,128.4,1284.04,12840.35,0.3133,3.1326,31.3258
2026-03-19T07:11:00Z,SELL,4765.5,4848.245000000001,,2026-03-19T13:03:00Z,4542.962142857143,TRAIL,2.689,False,128.4,1284.04,12840.35,3.26,32.61,326.07,131.66,1316.64,13166.43,0.1926,1.9261,19.2605
2026-03-19T07:15:00Z,SELL,4765.5,4848.245000000001,,2026-03-19T13:03:00Z,4542.962142857143,TRAIL,2.689,False,131.66,1316.64,13166.43,3.34,33.44,334.35,135.01,1350.08,13500.78,0.1975,1.975,19.7496
2026-03-19T13:10:00Z,SELL,4535.8,4658.42,,2026-03-19T19:06:00Z,4658.42,SL,-1.0,False,135.01,1350.08,13500.78,-1.55,-15.53,-155.26,133.46,1334.55,13345.52,0.2025,2.0251,20.2512
2026-03-19T13:03:00Z,SELL,4542.7,4665.32,,2026-03-19T19:11:00Z,4665.32,SL,-1.0,False,133.46,1334.55,13345.52,-1.53,-15.35,-153.47,131.92,1319.2,13192.05,0.2002,2.0018,20.0183
2026-03-19T10:37:00Z,SELL,4682.0,4792.317500000001,,2026-03-23T01:04:00Z,4379.278928571429,TRAIL,2.744,False,131.92,1319.2,13192.05,3.29,32.9,329.02,135.21,1352.11,13521.07,0.3298,3.298,32.9801
2026-03-23T01:11:00Z,SELL,4420.2,4492.474999999999,,2026-03-23T06:49:00Z,4223.275,TRAIL,2.725,False,135.21,1352.11,13521.07,3.48,34.81,348.12,138.69,1386.92,13869.19,0.2028,2.0282,20.2816
2026-03-23T06:55:00Z,SELL,4245.0,4395.815,,2026-03-23T11:07:00Z,4395.815,SL,-1.0,False,138.69,1386.92,13869.19,-1.59,-15.95,-159.5,137.1,1370.97,13709.69,0.208,2.0804,20.8038
2026-03-23T22:04:00Z,SELL,4392.0,4676.665,,2026-03-31T19:49:00Z,4676.665,SL,-1.0,False,137.1,1370.97,13709.69,-1.71,-17.14,-171.37,135.38,1353.83,13538.32,0.3427,3.4274,34.2742
2026-03-31T19:49:00Z,BUY,4676.1,4575.700000000001,,2026-04-02T06:02:00Z,4575.700000000001,SL,-1.0,False,135.38,1353.83,13538.32,-1.69,-16.92,-169.23,133.69,1336.91,13369.09,0.3385,3.3846,33.8458
2026-04-02T06:02:00Z,SELL,4581.9,4692.2225,,2026-04-07T19:45:00Z,4692.2225,SL,-1.0,False,133.69,1336.91,13369.09,-1.67,-16.71,-167.11,132.02,1320.2,13201.98,0.3342,3.3423,33.4227
2026-03-19T22:58:00Z,SELL,4645.9,4843.8325,,2026-04-15T01:16:00Z,4843.8325,SL,-1.0,True,132.02,1320.2,13201.98,-1.65,-16.5,-165.02,130.37,1303.7,13036.96,0.33,3.3005,33.005
2026-03-19T22:59:00Z,SELL,4642.1,4840.032500000001,,2026-04-15T01:16:00Z,4840.032500000001,SL,-1.0,False,130.37,1303.7,13036.96,-1.63,-16.3,-162.96,128.74,1287.4,12873.99,0.3259,3.2592,32.5924
2026-04-15T01:16:00Z,BUY,4855.0,4788.012500000001,,2026-04-15T09:11:00Z,4788.012500000001,SL,-1.0,False,128.74,1287.4,12873.99,-1.48,-14.81,-148.05,127.26,1272.59,12725.94,0.1931,1.9311,19.311
2026-04-15T01:17:00Z,BUY,4857.8,4790.8125,,2026-04-15T09:11:00Z,4790.8125,SL,-1.0,False,127.26,1272.59,12725.94,-1.46,-14.63,-146.35,125.8,1257.96,12579.59,0.1909,1.9089,19.0889
2026-04-15T11:53:00Z,BUY,4802.5,4741.5275,,2026-04-19T23:43:00Z,4741.5275,SL,-1.0,True,125.8,1257.96,12579.59,-1.57,-15.72,-157.24,124.22,1242.23,12422.35,0.3145,3.1449,31.449
2026-04-15T11:54:00Z,BUY,4803.4,4742.4275,,2026-04-19T23:43:00Z,4742.4275,SL,-1.0,False,124.22,1242.23,12422.35,-1.55,-15.53,-155.28,122.67,1226.71,12267.07,0.3106,3.1056,31.0559
2026-04-19T23:47:00Z,SELL,4725.7,4752.367499999999,,2026-04-20T00:46:00Z,4752.367499999999,SL,-1.0,False,122.67,1226.71,12267.07,-1.34,-13.37,-133.71,121.33,1213.34,12133.36,0.1104,1.104,11.0404
2026-04-19T23:48:00Z,SELL,4732.4,4759.067499999999,,2026-04-20T01:00:00Z,4759.067499999999,SL,-1.0,False,121.33,1213.34,12133.36,-1.32,-13.23,-132.25,120.01,1200.11,12001.11,0.1092,1.092,10.92
2026-04-20T01:32:00Z,BUY,4791.5,4752.182500000001,,2026-04-21T13:14:00Z,4752.182500000001,SL,-1.0,False,120.01,1200.11,12001.11,-1.5,-15.0,-150.01,118.51,1185.11,11851.09,0.3,3.0003,30.0028
2026-04-20T01:31:00Z,BUY,4788.9,4749.5825,,2026-04-21T13:15:00Z,4749.5825,SL,-1.0,False,118.51,1185.11,11851.09,-1.48,-14.81,-148.14,117.03,1170.3,11702.95,0.2963,2.9628,29.6277
2026-04-07T19:45:00Z,BUY,4693.0,4592.7525000000005,,2026-04-28T11:11:00Z,4592.7525000000005,SL,-1.0,False,117.03,1170.3,11702.95,-1.46,-14.63,-146.29,115.57,1155.67,11556.67,0.2926,2.9257,29.2574
2026-04-21T13:15:00Z,SELL,4755.1,4799.7075,,2026-04-28T12:11:00Z,4567.8175,TRAIL,4.198,False,115.57,1155.67,11556.67,4.56,45.63,456.31,120.13,1201.3,12012.98,0.2889,2.8892,28.8917
2026-04-21T13:36:00Z,SELL,4760.4,4805.0075,,2026-04-28T12:11:00Z,4567.8175,TRAIL,4.317,False,120.13,1201.3,12012.98,4.89,48.86,488.6,125.02,1250.16,12501.58,0.3003,3.0032,30.0324
2026-04-28T11:11:00Z,SELL,4593.0,4643.5025000000005,,2026-05-01T14:12:00Z,4643.5025000000005,SL,-1.0,False,125.02,1250.16,12501.58,-1.56,-15.63,-156.27,123.45,1234.53,12345.31,0.3125,3.1254,31.2539
2026-05-01T14:12:00Z,BUY,4648.7,4594.047500000001,,2026-05-02T22:09:00Z,4594.047500000001,SL,-1.0,False,123.45,1234.53,12345.31,-1.54,-15.43,-154.32,121.91,1219.1,12190.99,0.3086,3.0863,30.8633
2026-05-02T22:20:00Z,SELL,4593.6,4598.75,,2026-05-03T05:21:00Z,4598.75,SL,-1.0,False,121.91,1219.1,12190.99,-1.4,-14.02,-140.2,120.51,1205.08,12050.79,0.1829,1.8286,18.2865
2026-05-03T09:43:00Z,BUY,4605.2,4599.549999999999,,2026-05-03T21:03:00Z,4626.878571428571,TRAIL,3.837,False,120.51,1205.08,12050.79,4.32,43.23,432.25,124.83,1248.3,12483.04,0.3013,3.0127,30.127
2026-05-03T21:04:00Z,BUY,4625.6,4610.9,,2026-05-03T22:00:00Z,4610.9,SL,-1.0,False,124.83,1248.3,12483.04,-1.36,-13.61,-136.07,123.47,1234.7,12346.98,0.1123,1.1235,11.2347
2026-05-03T23:41:00Z,SELL,4604.2,4623.75,,2026-05-04T10:05:00Z,4551.178571428572,TRAIL,2.712,False,123.47,1234.7,12346.98,3.04,30.4,303.99,126.51,1265.1,12650.97,0.3087,3.0867,30.8674
2026-05-04T10:07:00Z,SELL,4542.2,4594.084999999999,,2026-05-06T00:32:00Z,4594.084999999999,SL,-1.0,False,126.51,1265.1,12650.97,-1.58,-15.81,-158.14,124.93,1249.28,12492.84,0.3163,3.1627,31.6274
2026-04-28T16:18:00Z,SELL,4574.1,4653.900000000001,,2026-05-06T06:39:00Z,4653.900000000001,SL,-1.0,False,124.93,1249.28,12492.84,-1.56,-15.62,-156.16,123.37,1233.67,12336.68,0.3123,3.1232,31.2321
2026-04-28T16:33:00Z,SELL,4575.3,4655.1,,2026-05-06T06:59:00Z,4655.1,SL,-1.0,False,123.37,1233.67,12336.68,-1.54,-15.42,-154.21,121.82,1218.25,12182.47,0.3084,3.0842,30.8417
2026-05-06T00:32:00Z,BUY,4593.9,4542.374999999999,,2026-05-07T15:26:00Z,4732.117857142857,TRAIL,2.683,False,121.82,1218.25,12182.47,2.96,29.63,296.34,124.79,1247.88,12478.81,0.3046,3.0456,30.4562
2026-05-08T01:01:00Z,BUY,4701.2,4624.58,,2026-05-15T00:30:00Z,4624.58,SL,-1.0,False,124.79,1247.88,12478.81,-1.56,-15.6,-155.99,123.23,1232.28,12322.83,0.312,3.1197,31.197
2026-05-06T07:00:00Z,BUY,4654.5,4600.6325,,2026-05-15T04:43:00Z,4600.6325,SL,-1.0,False,123.23,1232.28,12322.83,-1.54,-15.4,-154.04,121.69,1216.88,12168.79,0.3081,3.0807,30.8071
2026-05-06T06:39:00Z,BUY,4652.5,4599.45,,2026-05-15T05:01:00Z,4599.45,SL,-1.0,False,121.69,1216.88,12168.79,-1.52,-15.21,-152.11,120.17,1201.67,12016.68,0.3042,3.0422,30.422
2026-05-15T00:30:00Z,SELL,4619.4,4671.75,,2026-05-20T05:31:00Z,4484.635714285714,TRAIL,2.574,False,120.17,1201.67,12016.68,2.79,27.93,279.3,122.96,1229.6,12295.98,0.3004,3.0042,30.0417
2026-05-20T09:29:00Z,SELL,4481.2,4541.99,,2026-05-20T15:15:00Z,4541.99,SL,-1.0,True,122.96,1229.6,12295.98,-1.41,-14.14,-141.4,121.55,1215.46,12154.58,0.1844,1.8444,18.444
2026-05-20T15:17:00Z,BUY,4540.9,4476.0599999999995,,2026-05-27T10:39:00Z,4476.0599999999995,SL,-1.0,False,121.55,1215.46,12154.58,-1.52,-15.19,-151.93,120.03,1200.26,12002.65,0.3039,3.0386,30.3864
2026-05-15T05:01:00Z,SELL,4597.0,4653.0475,,2026-05-27T13:46:00Z,4431.920357142857,TRAIL,2.945,False,120.03,1200.26,12002.65,3.24,32.35,323.51,123.26,1232.62,12326.16,0.3001,3.0007,30.0066
2026-05-15T04:44:00Z,SELL,4601.3,4663.8225,,2026-05-27T13:51:00Z,4434.695357142857,TRAIL,2.665,False,123.26,1232.62,12326.16,2.98,29.76,297.64,126.24,1262.38,12623.8,0.3082,3.0815,30.8154
2026-05-27T13:48:00Z,SELL,4429.0,4491.25,,2026-05-28T16:24:00Z,4491.25,SL,-1.0,False,126.24,1262.38,12623.8,-1.58,-15.78,-157.8,124.66,1246.6,12466.01,0.3156,3.156,31.5595
2026-05-27T13:55:00Z,SELL,4432.0,4494.25,,2026-05-28T16:41:00Z,4494.25,SL,-1.0,False,124.66,1246.6,12466.01,-1.56,-15.58,-155.83,123.1,1231.02,12310.18,0.3117,3.1165,31.165
2026-05-27T10:39:00Z,SELL,4472.2,4519.799999999999,,2026-05-29T09:13:00Z,4519.799999999999,SL,-1.0,False,123.1,1231.02,12310.18,-1.54,-15.39,-153.88,121.56,1215.63,12156.3,0.3078,3.0775,30.7755
2026-05-29T09:13:00Z,BUY,4521.3,4482.700000000001,,2026-06-01T13:11:00Z,4482.700000000001,SL,-1.0,False,121.56,1215.63,12156.3,-1.52,-15.2,-151.95,120.04,1200.43,12004.35,0.3039,3.0391,30.3908
2026-06-01T13:12:00Z,SELL,4470.6,4519.5225,,2026-06-02T06:22:00Z,4519.5225,SL,-1.0,False,120.04,1200.43,12004.35,-1.5,-15.01,-150.05,118.54,1185.43,11854.29,0.3001,3.0011,30.0109
2026-06-02T06:22:00Z,BUY,4520.6,4473.8,,2026-06-02T18:43:00Z,4473.8,SL,-1.0,False,118.54,1185.43,11854.29,-1.48,-14.82,-148.18,117.06,1170.61,11706.12,0.2964,2.9636,29.6357
2026-05-28T16:42:00Z,BUY,4495.0,4409.35,,2026-06-05T12:55:00Z,4409.35,SL,-1.0,False,117.06,1170.61,11706.12,-1.46,-14.63,-146.33,115.6,1155.98,11559.79,0.2927,2.9265,29.2653
2026-05-28T16:25:00Z,BUY,4489.4,4403.75,,2026-06-05T12:57:00Z,4403.75,SL,-1.0,False,115.6,1155.98,11559.79,-1.44,-14.45,-144.5,114.15,1141.53,11415.29,0.289,2.8899,28.8995
2026-06-02T18:43:00Z,SELL,4473.54,4524.897499999999,,2026-06-05T21:24:00Z,4329.810357142857,TRAIL,2.799,False,114.15,1141.53,11415.29,2.91,29.09,290.93,117.06,1170.62,11706.22,0.2854,2.8538,28.5382
2026-06-05T12:55:00Z,SELL,4409.5,4454.3075,,2026-06-08T05:38:00Z,4278.303214285715,TRAIL,2.928,False,117.06,1170.62,11706.22,3.13,31.35,313.49,120.2,1201.97,12019.72,0.2927,2.9266,29.2656
2026-06-05T12:57:00Z,SELL,4404.8,4449.6075,,2026-06-08T05:38:00Z,4278.303214285715,TRAIL,2.823,False,120.2,1201.97,12019.72,3.09,30.93,309.28,123.29,1232.9,12329.0,0.3005,3.0049,30.0493
2026-06-08T05:45:00Z,SELL,4277.8,4328.150000000001,,2026-06-08T12:42:00Z,4328.150000000001,SL,-1.0,False,123.29,1232.9,12329.0,-1.42,-14.18,-141.78,121.87,1218.72,12187.22,0.1849,1.8493,18.4935
2026-06-08T05:38:00Z,SELL,4278.5,4328.85,,2026-06-08T13:37:00Z,4328.85,SL,-1.0,False,121.87,1218.72,12187.22,-1.4,-14.02,-140.15,120.47,1204.71,12047.06,0.1828,1.8281,18.2808
2026-06-06T02:07:00Z,SELL,4316.2,4401.2,,2026-06-10T23:26:00Z,4060.1285714285714,TRAIL,3.013,True,120.47,1204.71,12047.06,3.33,33.28,332.81,123.8,1237.99,12379.88,0.3012,3.0118,30.1177
2026-06-08T14:05:00Z,SELL,4311.1,4394.200000000001,,2026-06-10T23:26:00Z,4059.3142857142857,TRAIL,3.03,True,123.8,1237.99,12379.88,3.44,34.41,344.15,127.24,1272.4,12724.02,0.3095,3.095,30.9497
2026-06-08T14:11:00Z,SELL,4310.2,4393.3,,2026-06-10T23:26:00Z,4059.3142857142857,TRAIL,3.019,True,127.24,1272.4,12724.02,3.52,35.23,352.34,130.76,1307.64,13076.36,0.3181,3.181,31.8101
2026-06-10T23:46:00Z,SELL,4054.0,4153.349999999999,,2026-06-11T17:41:00Z,4153.349999999999,SL,-1.0,False,130.76,1307.64,13076.36,-1.63,-16.35,-163.45,129.13,1291.29,12912.91,0.3269,3.2691,32.6909
2026-06-10T23:50:00Z,SELL,4053.5,4152.849999999999,,2026-06-11T17:41:00Z,4152.849999999999,SL,-1.0,False,129.13,1291.29,12912.91,-1.61,-16.14,-161.41,127.51,1275.15,12751.5,0.3228,3.2282,32.2823
2026-06-10T23:43:00Z,SELL,4062.8,4162.15,,2026-06-11T17:42:00Z,4162.15,SL,-1.0,False,127.51,1275.15,12751.5,-1.59,-15.94,-159.39,125.92,1259.21,12592.1,0.3188,3.1879,31.8787
2026-06-11T19:34:00Z,BUY,4207.3,4109.72,,2026-06-23T04:59:00Z,4109.72,SL,-1.0,False,125.92,1259.21,12592.1,-1.57,-15.74,-157.4,124.35,1243.47,12434.7,0.3148,3.148,31.4803
2026-06-11T19:42:00Z,BUY,4207.7,4110.12,,2026-06-23T04:59:00Z,4110.12,SL,-1.0,False,124.35,1243.47,12434.7,-1.55,-15.54,-155.43,122.79,1227.93,12279.27,0.3109,3.1087,31.0868
2026-06-11T19:53:00Z,BUY,4205.6,4108.02,,2026-06-23T06:09:00Z,4108.02,SL,-1.0,False,122.79,1227.93,12279.27,-1.53,-15.35,-153.49,121.26,1212.58,12125.78,0.307,3.0698,30.6982
2026-06-23T06:09:00Z,SELL,4104.8,4165.3125,,2026-07-03T01:09:00Z,4165.3125,SL,-1.0,False,121.26,1212.58,12125.78,-1.52,-15.16,-151.57,119.74,1197.42,11974.21,0.3031,3.0314,30.3144
2026-06-23T04:59:00Z,SELL,4112.0,4171.4625,,2026-07-03T01:15:00Z,4171.4625,SL,-1.0,False,119.74,1197.42,11974.21,-1.5,-14.97,-149.68,118.25,1182.45,11824.53,0.2994,2.9936,29.9355
2026-06-23T05:00:00Z,SELL,4115.2,4173.662499999999,,2026-07-03T01:20:00Z,4173.662499999999,SL,-1.0,False,118.25,1182.45,11824.53,-1.48,-14.78,-147.81,116.77,1167.67,11676.72,0.2956,2.9561,29.5613
2026-07-03T01:20:00Z,BUY,4175.9,4106.782499999999,,2026-07-07T19:07:00Z,4106.782499999999,SL,-1.0,False,116.77,1167.67,11676.72,-1.46,-14.6,-145.96,115.31,1153.08,11530.76,0.2919,2.9192,29.1918
2026-07-03T01:16:00Z,BUY,4165.4,4096.282499999999,,2026-07-07T19:12:00Z,4096.282499999999,SL,-1.0,False,115.31,1153.08,11530.76,-1.44,-14.41,-144.13,113.87,1138.66,11386.63,0.2883,2.8827,28.8269
2026-07-03T01:09:00Z,BUY,4164.3,4095.1825,,2026-07-07T19:15:00Z,4095.1825,SL,-1.0,False,113.87,1138.66,11386.63,-1.42,-14.23,-142.33,112.44,1124.43,11244.3,0.2847,2.8467,28.4666
2026-07-07T19:16:00Z,SELL,4091.6,4146.45,,2026-07-22T14:01:00Z,4146.45,SL,-1.0,False,112.44,1124.43,11244.3,-1.41,-14.06,-140.55,111.04,1110.37,11103.74,0.2811,2.8111,28.1107
2026-07-07T19:12:00Z,SELL,4096.8,4151.650000000001,,2026-07-22T15:52:00Z,4151.650000000001,SL,-1.0,False,111.04,1110.37,11103.74,-1.39,-13.88,-138.8,109.65,1096.49,10964.94,0.2776,2.7759,27.7594
2026-07-22T14:01:00Z,BUY,4148.2,4100.0650000000005,,2026-07-22T22:00:00Z,4100.0650000000005,SL,-1.0,False,109.65,1096.49,10964.94,-1.26,-12.61,-126.1,108.39,1083.88,10838.85,0.1645,1.6447,16.4474
2026-07-22T20:25:00Z,BUY,4126.6,4070.340000000001,,2026-07-23T11:40:00Z,4070.340000000001,SL,-1.0,False,108.39,1083.88,10838.85,-1.35,-13.55,-135.49,107.03,1070.34,10703.36,0.271,2.7097,27.0971
2026-07-23T01:00:00Z,BUY,4126.35,4069.7750000000005,,2026-07-23T11:40:00Z,4069.7750000000005,SL,-1.0,True,107.03,1070.34,10703.36,-1.34,-13.38,-133.79,105.7,1056.96,10569.57,0.2676,2.6758,26.7584
2026-07-23T11:41:00Z,SELL,4067.8,4118.217500000001,,2026-08-05T02:38:00Z,4118.217500000001,SL,-1.0,False,105.7,1056.96,10569.57,-1.32,-13.21,-132.12,104.37,1043.75,10437.45,0.2642,2.6424,26.4239
2026-07-23T12:25:00Z,SELL,4066.8,4117.592500000001,,2026-08-05T02:38:00Z,4117.592500000001,SL,-1.0,False,104.37,1043.75,10437.45,-1.3,-13.05,-130.47,103.07,1030.7,10306.98,0.2609,2.6094,26.0936
2026-07-07T19:07:00Z,SELL,4101.5,4156.35,,2026-08-05T05:46:00Z,4156.35,SL,-1.0,False,103.07,1030.7,10306.98,-1.29,-12.88,-128.84,101.78,1017.81,10178.15,0.2577,2.5767,25.7675
2026-08-05T02:42:00Z,BUY,4122.9,4065.8849999999998,,2026-08-07T12:29:00Z,4294.264999999999,TRAIL,3.006,False,101.78,1017.81,10178.15,2.8,28.05,280.47,104.59,1045.86,10458.62,0.2545,2.5445,25.4454
2026-08-05T02:55:00Z,BUY,4129.9,4072.8849999999998,,2026-08-07T12:29:00Z,4294.264999999999,TRAIL,2.883,False,104.59,1045.86,10458.62,2.75,27.54,275.36,107.34,1073.4,10733.97,0.2615,2.6147,26.1465
2026-08-05T05:52:00Z,BUY,4157.5,4102.3325,,2026-08-07T12:30:00Z,4319.056785714285,TRAIL,2.928,False,107.34,1073.4,10733.97,2.88,28.75,287.51,110.21,1102.15,11021.48,0.2683,2.6835,26.8349
2026-08-07T12:32:00Z,BUY,4340.7,4284.875,,2026-08-20T00:40:00Z,4489.575,TRAIL,2.667,False,110.21,1102.15,11021.48,2.66,26.64,266.37,112.88,1128.78,11287.85,0.2755,2.7554,27.5537
2026-08-07T12:35:00Z,BUY,4345.4,4289.575,,2026-08-20T00:40:00Z,4489.575,TRAIL,2.583,False,112.88,1128.78,11287.85,2.63,26.33,263.3,115.51,1155.12,11551.15,0.2822,2.822,28.2196
2026-08-07T12:40:00Z,BUY,4353.6,4297.775000000001,,2026-08-20T15:41:00Z,4503.575,TRAIL,2.687,False,115.51,1155.12,11551.15,2.81,28.14,281.45,118.33,1183.26,11832.6,0.2888,2.8878,28.8779
2026-08-20T08:23:00Z,BUY,4482.2,4426.825000000001,,2026-08-24T07:45:00Z,4625.6678571428565,TRAIL,2.591,False,118.33,1183.26,11832.6,2.77,27.7,276.98,121.1,1210.96,12109.58,0.2958,2.9581,29.5815
2026-08-20T08:18:00Z,BUY,4483.4,4428.025,,2026-08-24T15:46:00Z,4647.867857142857,TRAIL,2.97,False,121.1,1210.96,12109.58,3.29,32.94,329.39,124.39,1243.9,12438.97,0.3027,3.0274,30.274
2026-08-20T15:47:00Z,BUY,4504.5,4446.8,,2026-08-25T01:23:00Z,4661.671428571428,TRAIL,2.724,False,124.39,1243.9,12438.97,3.08,30.77,307.73,127.47,1274.67,12746.7,0.311,3.1097,31.0974
2026-08-24T16:37:00Z,BUY,4653.6,4584.68,,2026-08-26T15:05:00Z,4584.68,SL,-1.0,True,127.47,1274.67,12746.7,-1.59,-15.93,-159.33,125.87,1258.74,12587.37,0.3187,3.1867,31.8668
2026-08-24T07:57:00Z,BUY,4631.9,4581.374999999999,,2026-08-26T15:15:00Z,4581.374999999999,SL,-1.0,False,125.87,1258.74,12587.37,-1.57,-15.73,-157.34,124.3,1243.0,12430.03,0.3147,3.1468,31.4684
2026-08-25T05:12:00Z,BUY,4629.0,4556.085,,2026-08-28T14:05:00Z,4556.085,SL,-1.0,True,124.3,1243.0,12430.03,-1.55,-15.54,-155.38,122.75,1227.47,12274.65,0.3108,3.1075,31.0751
2026-08-26T15:06:00Z,SELL,4583.8,4641.682500000001,,2026-08-31T03:00:00Z,4420.106785714286,TRAIL,2.828,False,122.75,1227.47,12274.65,3.16,31.64,316.44,125.91,1259.11,12591.1,0.3069,3.0687,30.6866
2026-08-26T15:15:00Z,SELL,4582.6,4640.482500000001,,2026-08-31T03:00:00Z,4420.106785714286,TRAIL,2.807,False,125.91,1259.11,12591.1,3.22,32.2,321.99,129.13,1291.31,12913.09,0.3148,3.1478,31.4777
2026-08-28T14:05:00Z,SELL,4551.7,4608.282499999999,,2026-09-01T13:32:00Z,4361.249642857143,TRAIL,3.366,False,129.13,1291.31,12913.09,4.02,40.24,402.36,133.15,1331.54,13315.45,0.3228,3.2283,32.2827
2026-08-31T03:11:00Z,SELL,4422.9,4463.5,,2026-09-02T02:20:00Z,4315.599999999999,TRAIL,2.643,False,133.15,1331.54,13315.45,3.19,31.86,318.62,136.34,1363.41,13634.06,0.3329,3.3289,33.2886
2026-08-31T03:27:00Z,SELL,4423.2,4463.8,,2026-09-02T02:20:00Z,4315.599999999999,TRAIL,2.65,False,136.34,1363.41,13634.06,3.27,32.73,327.25,139.61,1396.13,13961.32,0.3409,3.4085,34.0852
2026-09-02T02:23:00Z,SELL,4315.0,4375.4,,2026-09-02T13:32:00Z,4375.4,SL,-1.0,False,139.61,1396.13,13961.32,-1.75,-17.45,-174.52,137.87,1378.68,13786.8,0.349,3.4903,34.9033
2026-09-02T02:45:00Z,SELL,4322.7,4383.099999999999,,2026-09-02T13:43:00Z,4383.099999999999,SL,-1.0,False,137.87,1378.68,13786.8,-1.72,-17.23,-172.33,136.14,1361.45,13614.46,0.3447,3.4467,34.467
2026-09-01T13:37:00Z,SELL,4365.0,4427.2825,,2026-09-03T02:56:00Z,4427.2825,SL,-1.0,False,136.14,1361.45,13614.46,-1.7,-17.02,-170.18,134.44,1344.43,13444.28,0.3404,3.4036,34.0362
2026-09-02T16:34:00Z,SELL,4377.3,4456.0075,,2026-09-03T12:30:00Z,4456.0075,SL,-1.0,False,134.44,1344.43,13444.28,-1.68,-16.81,-168.05,132.76,1327.62,13276.23,0.3361,3.3611,33.6107
2026-09-02T16:35:00Z,SELL,4377.7,4456.407499999999,,2026-09-03T12:30:00Z,4456.407499999999,SL,-1.0,False,132.76,1327.62,13276.23,-1.66,-16.6,-165.95,131.1,1311.03,13110.28,0.3319,3.3191,33.1906
2026-09-03T12:32:00Z,BUY,4468.1,4421.575,,2026-09-04T12:30:00Z,4421.575,SL,-1.0,False,131.1,1311.03,13110.28,-1.64,-16.39,-163.88,129.46,1294.64,12946.4,0.3278,3.2776,32.7757
2026-09-03T12:38:00Z,BUY,4481.8,4435.275,,2026-09-04T12:30:00Z,4435.275,SL,-1.0,False,129.46,1294.64,12946.4,-1.62,-16.18,-161.83,127.85,1278.46,12784.57,0.3237,3.2366,32.366
2026-09-04T12:32:00Z,SELL,4389.1,4433.8575,,2026-09-04T13:48:00Z,4433.8575,SL,-1.0,False,127.85,1278.46,12784.57,-1.39,-13.94,-139.35,126.45,1264.52,12645.22,0.1151,1.1506,11.5061
2026-09-03T03:01:00Z,BUY,4426.6,4370.425,,2026-09-08T18:49:00Z,4370.425,SL,-1.0,False,126.45,1264.52,12645.22,-1.58,-15.81,-158.07,124.87,1248.72,12487.15,0.3161,3.1613,31.613
2026-09-08T18:49:00Z,SELL,4366.5,4425.0425000000005,,2026-09-09T13:24:00Z,4425.0425000000005,SL,-1.0,False,124.87,1248.72,12487.15,-1.56,-15.61,-156.09,123.31,1233.11,12331.06,0.3122,3.1218,31.2179
2026-09-09T13:24:00Z,BUY,4427.9,4377.36,,2026-09-09T15:22:00Z,4377.36,SL,-1.0,False,123.31,1233.11,12331.06,-1.34,-13.44,-134.41,121.97,1219.67,12196.65,0.111,1.1098,11.098
2026-09-04T12:33:00Z,SELL,4415.0,4459.7575,,2026-09-14T13:22:00Z,4284.881785714286,TRAIL,2.907,False,121.97,1219.67,12196.65,3.24,32.41,324.09,125.21,1252.07,12520.74,0.3049,3.0492,30.4916
2026-09-04T13:50:00Z,SELL,4430.0,4475.7075,,2026-09-14T13:22:00Z,4285.288928571428,TRAIL,3.166,False,125.21,1252.07,12520.74,3.65,36.51,365.11,128.86,1288.58,12885.85,0.313,3.1302,31.3019
2026-09-14T13:35:00Z,SELL,4283.4,4341.7225,,2026-09-16T03:14:00Z,4341.7225,SL,-1.0,False,128.86,1288.58,12885.85,-1.61,-16.11,-161.07,127.25,1272.48,12724.78,0.3221,3.2215,32.2146
2026-09-14T13:28:00Z,SELL,4283.7,4342.0225,,2026-09-16T03:16:00Z,4342.0225,SL,-1.0,False,127.25,1272.48,12724.78,-1.59,-15.91,-159.06,125.66,1256.57,12565.72,0.3181,3.1812,31.8119
2026-09-16T03:14:00Z,BUY,4340.5,4293.724999999999,,2026-09-16T18:33:00Z,4293.724999999999,SL,-1.0,False,125.66,1256.57,12565.72,-1.57,-15.71,-157.07,124.09,1240.86,12408.64,0.3141,3.1414,31.4143
2026-09-16T03:16:00Z,BUY,4341.8,4295.025,,2026-09-16T18:33:00Z,4295.025,SL,-1.0,False,124.09,1240.86,12408.64,-1.55,-15.51,-155.11,122.54,1225.35,12253.54,0.3102,3.1022,31.0216
2026-09-16T18:33:00Z,SELL,4289.9,4341.5,,2026-09-17T11:54:00Z,4341.5,SL,-1.0,False,122.54,1225.35,12253.54,-1.53,-15.32,-153.17,121.0,1210.04,12100.37,0.3063,3.0634,30.6338
2026-09-16T18:34:00Z,SELL,4289.0,4340.6,,2026-09-17T11:54:00Z,4340.6,SL,-1.0,False,121.0,1210.04,12100.37,-1.51,-15.13,-151.25,119.49,1194.91,11949.11,0.3025,3.0251,30.2509
2026-09-17T11:55:00Z,BUY,4343.6,4280.6825,,2026-09-23T14:19:00Z,4280.6825,SL,-1.0,False,119.49,1194.91,11949.11,-1.49,-14.94,-149.36,118.0,1179.97,11799.75,0.2987,2.9873,29.8728
2026-09-17T11:56:00Z,BUY,4342.1,4279.1825,,2026-09-23T15:49:00Z,4279.1825,SL,-1.0,False,118.0,1179.97,11799.75,-1.47,-14.75,-147.5,116.52,1165.23,11652.25,0.295,2.9499,29.4994
